Group,Metric Name,API Endpoint,Full URL,Category
activity,active_addresses,addresses/active_count,https://api.glassnode.com/v1/metrics/addresses/active_count,addresses
activity,mean_tx_value,transactions/transfers_volume_to_exchanges_mean,https://api.glassnode.com/v1/metrics/transactions/transfers_volume_to_exchanges_mean,transactions
activity,new_addresses,addresses/new_non_zero_count,https://api.glassnode.com/v1/metrics/addresses/new_non_zero_count,addresses
activity,nvt_ratio,indicators/nvt,https://api.glassnode.com/v1/metrics/indicators/nvt,indicators
activity,nvts,indicators/nvts,https://api.glassnode.com/v1/metrics/indicators/nvts,indicators
activity,transaction_count,transactions/count,https://api.glassnode.com/v1/metrics/transactions/count,transactions
activity,transaction_fees,fees/volume_sum,https://api.glassnode.com/v1/metrics/fees/volume_sum,fees
activity,transaction_volume,transactions/transfers_volume_sum,https://api.glassnode.com/v1/metrics/transactions/transfers_volume_sum,transactions
activity,velocity,indicators/velocity,https://api.glassnode.com/v1/metrics/indicators/velocity,indicators
exchange,exchange_inflow,transactions/transfers_volume_to_exchanges_sum,https://api.glassnode.com/v1/metrics/transactions/transfers_volume_to_exchanges_sum,transactions
exchange,exchange_inflow_mean,transactions/transfers_volume_to_exchanges_mean,https://api.glassnode.com/v1/metrics/transactions/transfers_volume_to_exchanges_mean,transactions
exchange,exchange_net_flow,transactions/transfers_volume_exchanges_net,https://api.glassnode.com/v1/metrics/transactions/transfers_volume_exchanges_net,transactions
exchange,exchange_net_position_change,distribution/exchange_net_position_change,https://api.glassnode.com/v1/metrics/distribution/exchange_net_position_change,distribution
exchange,exchange_outflow,transactions/transfers_volume_from_exchanges_sum,https://api.glassnode.com/v1/metrics/transactions/transfers_volume_from_exchanges_sum,transactions
exchange,exchange_outflow_mean,transactions/transfers_volume_from_exchanges_mean,https://api.glassnode.com/v1/metrics/transactions/transfers_volume_from_exchanges_mean,transactions
exchange,exchange_reserve,distribution/balance_exchanges,https://api.glassnode.com/v1/metrics/distribution/balance_exchanges,distribution
exchange,illiquid_supply,supply/illiquid_sum,https://api.glassnode.com/v1/metrics/supply/illiquid_sum,supply
exchange,liquid_supply,supply/liquid_sum,https://api.glassnode.com/v1/metrics/supply/liquid_sum,supply
long_term_holders,coin_days_destroyed,indicators/cdd,https://api.glassnode.com/v1/metrics/indicators/cdd,indicators
long_term_holders,hodl_waves,supply/hodl_waves,https://api.glassnode.com/v1/metrics/supply/hodl_waves,supply
long_term_holders,liveliness,indicators/liveliness,https://api.glassnode.com/v1/metrics/indicators/liveliness,indicators
long_term_holders,lth_sopr,indicators/sopr_more_155,https://api.glassnode.com/v1/metrics/indicators/sopr_more_155,indicators
long_term_holders,lth_supply,supply/lth_sum,https://api.glassnode.com/v1/metrics/supply/lth_sum,supply
long_term_holders,realized_cap_hodl_waves,supply/rcap_hodl_waves,https://api.glassnode.com/v1/metrics/supply/rcap_hodl_waves,supply
long_term_holders,sth_supply,supply/sth_sum,https://api.glassnode.com/v1/metrics/supply/sth_sum,supply
mining,difficulty,mining/difficulty_latest,https://api.glassnode.com/v1/metrics/mining/difficulty_latest,mining
mining,hash_rate,mining/hash_rate_mean,https://api.glassnode.com/v1/metrics/mining/hash_rate_mean,mining
mining,miner_revenue,mining/revenue_sum,https://api.glassnode.com/v1/metrics/mining/revenue_sum,mining
mining,miner_revenue_usd,mining/revenue_sum,https://api.glassnode.com/v1/metrics/mining/revenue_sum,mining
profitability,asopr,indicators/sopr_adjusted,https://api.glassnode.com/v1/metrics/indicators/sopr_adjusted,indicators
profitability,mvrv,market/mvrv,https://api.glassnode.com/v1/metrics/market/mvrv,market
profitability,mvrv_zscore,market/mvrv_z_score,https://api.glassnode.com/v1/metrics/market/mvrv_z_score,market
profitability,nupl,indicators/net_unrealized_profit_loss,https://api.glassnode.com/v1/metrics/indicators/net_unrealized_profit_loss,indicators
profitability,percent_supply_in_profit,supply/sth_profit_loss_ratio,https://api.glassnode.com/v1/metrics/supply/sth_profit_loss_ratio,supply
profitability,realized_cap,market/marketcap_realized_usd,https://api.glassnode.com/v1/metrics/market/marketcap_realized_usd,market
profitability,realized_price,market/price_realized_usd,https://api.glassnode.com/v1/metrics/market/price_realized_usd,market
profitability,realized_profit_loss_ratio,indicators/realized_profit_loss_ratio,https://api.glassnode.com/v1/metrics/indicators/realized_profit_loss_ratio,indicators
profitability,sopr,indicators/sopr,https://api.glassnode.com/v1/metrics/indicators/sopr,indicators
smart_money,accumulation_trend_score,indicators/accumulation_trend_score,https://api.glassnode.com/v1/metrics/indicators/accumulation_trend_score,indicators
smart_money,balance_1k_to_10k,addresses/min_1k_count,https://api.glassnode.com/v1/metrics/addresses/min_1k_count,addresses
smart_money,binary_coin_days_destroyed,indicators/cdd_supply_adjusted_binary,https://api.glassnode.com/v1/metrics/indicators/cdd_supply_adjusted_binary,indicators
smart_money,supply_retention_cohorts,supply/holder_retention,https://api.glassnode.com/v1/metrics/supply/holder_retention,supply
smart_money,whale_balance,entities/supply_balance_1k_10k,https://api.glassnode.com/v1/metrics/entities/supply_balance_1k_10k,entities
smart_money,whale_outflow,distribution/exchange_whales_outflow,https://api.glassnode.com/v1/metrics/distribution/exchange_whales_outflow,distribution
smart_money,whale_transaction_count,entities/min_1k_count,https://api.glassnode.com/v1/metrics/entities/min_1k_count,entities
